{
  "ReRoutes": [
    {
      "DownstreamPathTemplate": "/api/UserBookings/SearchFlightByUser/{departurePlace}/{arrivalPlace}",
      "DownstreamScheme": "http",
      "DownstreamHost": "localhost",
      "DownstreamPort": 9991,
      "UpstreamPathTemplate": "/api/UserBookings/SearchFlightByUser/{departurePlace}/{arrivalPlace}",
      "UpstreamHttpMethod": [ "Get" ],
      "QoSOptions": {
        "ExceptionsAllowedBeforeBreaking": 3,
        "DurationOfBreak": 10,
        "TimeoutValue": 5000
      }
    },
    {
      "DownstreamPathTemplate": "/api/UserBookings/GetBookingDetailsOfUser/{pnrNumber}",
      "DownstreamScheme": "http",
      "DownstreamHost": "localhost",
      "DownstreamPort": 9991,
      "UpstreamPathTemplate": "/api/UserBookings/GetBookingDetailsOfUser/{pnrNumber}",
      "UpstreamHttpMethod": [ "Get" ],
      "QoSOptions": {
        "ExceptionsAllowedBeforeBreaking": 3,
        "DurationOfBreak": 10,
        "TimeoutValue": 5000
      }
    },
    {
      "DownstreamPathTemplate": "/api/UserBookings/BookFlightByUser",
      "DownstreamScheme": "http",
      "DownstreamHost": "localhost",
      "DownstreamPort": 9991,
      "UpstreamPathTemplate": "/api/UserBookings/BookFlightByUser",
      "UpstreamHttpMethod": [ "Post" ],
      "QoSOptions": {
        "ExceptionsAllowedBeforeBreaking": 3,
        "DurationOfBreak": 10,
        "TimeoutValue": 5000
      }
    },
    {
      "DownstreamPathTemplate": "/api/UserBookings/DeleteBookingByUser/{email}",
      "DownstreamScheme": "http",
      "DownstreamHost": "localhost",
      "DownstreamPort": 9991,
      "UpstreamPathTemplate": "/api/UserBookings/DeleteBookingByUser/{email}",
      "UpstreamHttpMethod": [ "Delete" ],
      "QoSOptions": {
        "ExceptionsAllowedBeforeBreaking": 3,
        "DurationOfBreak": 10,
        "TimeoutValue": 5000
      }
    },
    {
      "DownstreamPathTemplate": "/api/AdminControls/FetchInventoryByAdmin/{flightId}",
      "DownstreamScheme": "http",
      "DownstreamPort": 9992,
      "DownstreamHost": "localhost",
      "UpstreamPathTemplate": "/api/AdminControls/FetchInventoryByAdmin/{flightId}",
      "UpstreamHttpMethod": [ "Get" ],
      "QoSOptions": {
        "ExceptionsAllowedBeforeBreaking": 3,
        "DurationOfBreak": 10,
        "TimeoutValue": 5000
      }
    },
    {
      "DownstreamPathTemplate": "/api/AdminControls/FetchAllInventoryByAdmin",
      "DownstreamScheme": "http",
      "DownstreamPort": 9992,
      "DownstreamHost": "localhost",
      "UpstreamPathTemplate": "/api/AdminControls/FetchAllInventoryByAdmin",
      "UpstreamHttpMethod": [ "Get" ],
      "QoSOptions": {
        "ExceptionsAllowedBeforeBreaking": 3,
        "DurationOfBreak": 10,
        "TimeoutValue": 5000
      }
    },
    {
      "DownstreamPathTemplate": "/api/AdminControls/AddNewFlightByAdmin",
      "DownstreamScheme": "http",
      "DownstreamPort": 9992,
      "DownstreamHost": "localhost",
      "UpstreamPathTemplate": "/api/AdminControls/AddNewFlightByAdmin",
      "UpstreamHttpMethod": [ "Post" ],
      "QoSOptions": {
        "ExceptionsAllowedBeforeBreaking": 3,
        "DurationOfBreak": 10,
        "TimeoutValue": 5000
      }
    },
    {
      "DownstreamPathTemplate": "/api/AdminControls/ManageInventoryByAdmin/{flightInventoryId}",
      "DownstreamScheme": "http",
      "DownstreamPort": 9992,
      "DownstreamHost": "localhost",
      "UpstreamPathTemplate": "/api/AdminControls/ManageInventoryByAdmin/{flightInventoryId}",
      "UpstreamHttpMethod": [ "Put" ],
      "QoSOptions": {
        "ExceptionsAllowedBeforeBreaking": 3,
        "DurationOfBreak": 10,
        "TimeoutValue": 5000
      }
    },
    {
      "DownstreamPathTemplate": "/api/AdminControls/RemoveFlightFromInventoryByAdmin/{flightInventoryId}",
      "DownstreamScheme": "http",
      "DownstreamPort": 9992,
      "DownstreamHost": "localhost",
      "UpstreamPathTemplate": "/api/AdminControls/RemoveFlightFromInventoryByAdmin/{flightInventoryId}",
      "UpstreamHttpMethod": [ "Delete" ],
      "QoSOptions": {
        "ExceptionsAllowedBeforeBreaking": 3,
        "DurationOfBreak": 10,
        "TimeoutValue": 5000
      }
    },
    {
      "DownstreamPathTemplate": "/api/Login/ValidateLoginUsingJwt",
      "DownstreamScheme": "http",
      "DownstreamPort": 9992,
      "DownstreamHost": "localhost",
      "UpstreamPathTemplate": "/api/Login/ValidateLoginUsingJwt",
      "UpstreamHttpMethod": [ "Post" ],
      "QoSOptions": {
        "ExceptionsAllowedBeforeBreaking": 3,
        "DurationOfBreak": 10,
        "TimeoutValue": 5000
      }
    }
  ],
  "GlobalConfiguration": {
    "RequestIdKey": "OcRequestId",
    "AdministrationPath": "/administration"
  }
}

